L14,canonical_CCSD(T),DLPNO-CCSD(T0)_TightPNO,DLPNO-CCSD(T0)_VeryTightPNO,DLPNO-CCSD(T1)_TightPNO,DLPNO-CCSD(T1)_VeryTightPNO,(T)_contribution,canonical_CCSD(cT)-fit/CBS,delta_E,Eelst,Eexch,Eind,Edisp,Etotal,Edisp/Eelst,Type,MP2,SNS-MP2,SCS-MP2,SCS(MI)-MP2,MP2D,SCS-MP2D,MP2+aiD(CCD),B97M-V,B97M-rV,wB97X-D,wB97X-V,wB97M-V,B3LYP+D4,PBE0+D4,PBE0+MBD,PBE+D4,M06L-D3,M06-2X-D3,MN15,HF-3c,PBEh-3c,B97-3c,r2SCAN-3c,wB97X-3c,GFN2-xTB,DFTB3-D3H5,PM6-D3H4,IPML,CLIFF,SAPT0
C2C2PD,-27.42,-28.55,-26.33,-28.95,-26.77,18.1%,-19.13,1.52,-9.84,28.49,-2.68,-37.9,-21.93,3.85,D,-38.07,-25.78,-26.32,-28.81,-26.5,-25.5,-21.39,-20.9,-22.36,-23.18,-21.5,-22.66,-23.99,-20.42,-18.31,-19.55,-18.06,-19.84,-18.66,-22.12,-17.47,-20.57,-19.36,-19.43,-20.87,-20.02,-16.95,-26.49,,-31.58
C3A,-18.22,-19.68,-17.72,-19.9,-17.99,18.0%,-15.38,0.97,-8.38,19.86,-2.19,-27.81,-18.52,3.32,D,-27.04,-18.98,-18.95,-21.01,-19.66,-19.15,-17.75,-16.53,-17.39,-17.78,-16.9,-17.9,-18.7,-15.91,-14.33,-15.24,-14.04,-15.4,-13.34,-16.74,-14.85,-16.27,-15.79,-16.72,-15.95,-15.73,-15.37,-20.36,,-22.59
C3GC,-31.91,-33.97,-31.05,-34.35,-31.52,18.0%,-26.53,1.57,-14.24,36.82,-5.1,-48.87,-31.39,3.43,D,-45.26,-31.88,-31.24,-34.89,-32.87,-32.09,-29.51,-29.15,-30.44,-30.07,-29.11,-31.15,-32.05,-26.73,-24.35,-25.63,-25.68,-27.7,-24.41,-27.91,-24.5,-27.84,-27.27,-27.44,-26.75,-27.73,-25.63,-33.71,,-37.29
CBH,-12.36,-12.38,-11.98,-12.45,-12.07,13.8%,-10.78,0.28,-2.86,11.32,-1.18,-19.83,-12.55,6.93,D,-11.84,-10.04,-7.6,-8.66,-11.4,-11.31,-11.92,-11.79,-12.35,-13.72,-12.04,-11.43,-11.68,-11.38,-13.68,-12.32,-10.53,-7.69,-9.87,-12.98,-12.06,-10.58,-9.66,-8.71,-8.7,-13.91,-10.36,-17.52,-13.75,-8.67
GCGC,-16.81,-16.97,-16.28,-17.13,-16.47,16.1%,-13.13,0.64,-8.57,23.44,-2.55,-28.52,-16.21,3.33,D,-18.95,-13.3,-12.22,-13.53,-13.4,-13.21,-14.94,-14.39,-15.24,-14.5,-14.58,-15.18,-16.69,-13.63,-12.16,-13.69,-13.38,-13.75,-12.44,-14.47,-13.51,-13.65,-15.42,-15.38,-17.09,-15.87,-19.42,-14.34,-16.0,-12.92
GGG,-7.14,-7.24,-6.99,-7.31,-7.08,17.4%,-1.92,0.29,3.67,6.1,-1.61,-10.19,-2.03,2.78,D,-4.5,-2.01,-1.97,-2.11,-2.61,-2.27,-3.15,-1.88,-2.24,-1.91,-2.09,-2.18,-2.68,-1.92,-1.55,-2.21,-1.21,-1.33,-0.92,-1.03,-1.44,-2.04,-2.84,-2.44,-1.02,-0.76,-3.23,-3.09,-5.4,-0.77
PHE,-4.26,-4.21,-3.99,-4.23,-4.04,24.5%,-24.9,0.26,-29.3,26.26,-10.6,-16.31,-29.95,0.56,M,-26.45,-25.75,-22.79,-25.17,-25.52,-25.7,-23.77,-25.1,-25.54,-25.36,-25.58,-25.8,-25.51,-25.29,-26.05,-24.39,-24.55,-25.43,-23.15,-23.26,-23.91,-23.8,-24.44,-25.1,-22.62,-27.14,-25.5,-26.44,-28.39,-28.58
2a,-28.55,-29.58,-27.49,-29.9,-27.9,18.5%,-32.65,1.49,-31.66,53.47,-11.46,-52.46,-42.1,1.66,M,-49.97,,-35.84,-40.67,-38.21,-38.34,-35.68,-34.55,-35.96,-38.63,-38.61,-38.61,-36.62,-34.62,-35.06,-32.36,-33.84,-36.15,-34.54,-36.25,-34.85,-35.89,-34.21,-35.0,-29.91,-31.43,-33.08,-40.31,-40.64,-46.38
3b,-27.01,-28.11,-26.25,-28.35,-26.57,17.2%,-31.78,1.21,-20.67,36.33,-6.37,-46.45,-37.16,2.25,D,-45.8,,-33.29,-36.91,-35.93,-35.46,-32.69,-34.56,-36.15,-31.73,-35.55,-36.58,-35.7,-31.01,-28.84,-30.01,-32.53,-33.66,-32.67,-29.69,-31.2,-30.89,-34.0,-33.65,-33.3,-31.91,-29.52,,-40.22,-39.96
2b,-22.57,-23.44,-21.9,-23.74,-22.24,17.6%,-20.95,1.08,19.61,37.1,-5.97,-38.41,-26.89,1.96,M,-33.74,-24.56,-23.56,-26.34,-25.0,-24.89,-24.48,-22.5,-23.53,-25.43,-25.11,-25.11,-24.02,-22.59,-22.63,-21.16,-21.64,-23.76,-22.74,-24.3,-21.68,-22.93,-22.26,-22.62,-20.39,-21.23,-20.92,-29.39,-23.14,-28.82
S8-1,-27.32,-27.86,-26.41,-28.31,-26.93,19.7%,-34.91,1.63,-33.49,51.73,-12.36,-47.95,-42.07,1.43,M,-54.62,,-40.69,-45.06,-42.19,-41.76,-39.14,-37.2,-38.47,-38.79,-37.69,-39.67,-40.69,-37.45,-36.43,-36.75,-35.23,-37.96,-35.46,-36.33,-39.02,-39.78,-37.82,-38.13,-34.22,-33.39,-30.66,-44.01,-43.68,-47.2
S8-2,-23.26,-23.95,-22.37,-24.22,-22.71,18.7%,-29.53,1.26,-25.07,39.87,-7.66,-41.62,-34.48,1.66,M,-44.33,-34.21,-32.38,-36.3,-35.19,-34.57,-30.33,-31.59,-32.91,-31.16,-32.01,-33.38,-33.34,-29.98,-28.72,-29.3,-29.84,-31.74,-29.66,-30.87,-30.46,-30.92,-31.92,-31.67,-29.43,-32.46,-32.21,,-35.32,-39.65
Da1,-29.08,-30.01,-28.14,-30.4,-28.58,17.6%,-17.7,1.5,-10.59,33.9,-3.23,-38.68,-18.59,3.65,D,-35.47,-22.84,-23.57,-25.77,-24.81,-23.61,-17.94,-20.11,-21.28,-21.35,-20.08,-21.73,-21.69,-18.21,-16.87,-17.68,-18.81,-19.33,-17.96,-21.37,-16.04,-18.88,-17.29,-17.01,-19.71,-20.64,-16.71,-24.53,,-28.3
Da2,-26.28,-27.26,-25.46,-27.59,-25.84,17.4%,-18.88,1.32,-11.99,31.66,-3.58,-36.74,-20.65,3.07,D,-34.77,-23.21,-23.69,-26.09,-25.59,-24.63,-19.33,-21.23,-22.34,-23.09,-21.56,-23.07,-21.83,-19.35,-18.93,-18.49,-20.35,-21.16,-20.27,-21.91,-18.0,-19.73,-18.84,-18.42,-18.86,-20.63,-17.53,-26.32,,-28.87
